,Keys,Keys Embedding,Values
0,Lauren_doctor,"[ 0.02272247  0.03749488 -0.0141924  ... -0.02433016  0.00256265
 -0.01029206]",Dr. Wilson
1,Lauren_appointment_date,"[-0.04450312  0.02892499 -0.00905474 ...  0.01381192  0.02612048
  0.01249637]",2026-03-27
2,Lauren_checkup_department,"[ 0.01932932 -0.02087937 -0.01367982 ... -0.00346277 -0.00513759
 -0.00407159]",Psychiatry
3,Lauren_hospital_location,"[ 0.00784208  0.03422493 -0.0110024  ... -0.02626081  0.00487803
 -0.0027201 ]",City Hospital
4,Lauren_contact,"[ 0.00166302  0.02866468 -0.01420437 ... -0.02492237  0.03465147
 -0.00492068]",(557)935-7463x543
5,Lauren_appointment_time,"[-0.04621132  0.00872036 -0.01120309 ...  0.00774897  0.0202783
  0.0066942 ]",16:25
6,Amber_doctor,"[-0.0248438   0.04308764 -0.01504096 ... -0.00853385 -0.01560559
  0.00820771]",Dr. Wilson
7,Amber_appointment_date,"[-0.05821269  0.01164905 -0.00934066 ...  0.00939335  0.01310597
  0.01551187]",2025-10-11
8,Amber_checkup_department,"[-0.03100682 -0.03078747 -0.01469999 ...  0.0088944  -0.01229251
  0.00785232]",Orthopedics
9,Amber_hospital_location,"[-0.02750762  0.02542803 -0.0135576  ... -0.00542389 -0.01245606
  0.01345445]",City Hospital
10,Amber_contact,"[-0.04305328  0.016642   -0.01558967 ... -0.01207412  0.00667312
  0.02005914]",+1-502-840-1548x530
11,Amber_appointment_time,"[-0.06173343 -0.00245118 -0.01145421 ...  0.00681631  0.00621063
  0.01376848]",12:51
12,Savannah_doctor,"[ 0.02803598 -0.00502535 -0.01538568 ... -0.00958228 -0.02231734
 -0.02067358]",Dr. Anderson
13,Savannah_appointment_date,"[-0.02012578 -0.01063456 -0.00992197 ...  0.01929732 -0.00234066
  0.00298683]",2026-05-28
14,Savannah_checkup_department,"[ 0.02511824 -0.03838734 -0.01408885 ...  0.01311909 -0.01726387
 -0.01057678]",Pediatrics
15,Savannah_hospital_location,"[ 0.03795784 -0.0067525  -0.01235246 ... -0.00988965 -0.01109163
 -0.02248263]",Mountain View Hospital
16,Savannah_contact,"[ 0.02154312 -0.02171473 -0.01529033 ... -0.00149932  0.00862319
 -0.01190876]",340.929.8569x91127
17,Savannah_appointment_time,"[-0.01360647 -0.01771401 -0.01143371 ...  0.0173389  -0.01044401
 -0.00314009]",01:55
18,April_doctor,"[-0.03281366  0.02633032 -0.01406177 ...  0.01247047 -0.00552544
  0.01128361]",Dr. Smith
19,April_appointment_date,"[-0.05467612  0.00280726 -0.00848698 ...  0.01691696  0.00253221
  0.02082651]",2026-04-11
20,April_checkup_department,"[-0.04104744 -0.00851916 -0.01389261 ...  0.02074937 -0.00870725
 -0.00960327]",Dentist
21,April_hospital_location,"[-0.03096145  0.04815043 -0.0115532  ...  0.00662948 -0.01736498
  0.00128712]",City Hospital
22,April_contact,"[-0.03004148  0.02996994 -0.01359396 ...  0.00641071 -0.00954452
  0.01092398]",001-328-824-4066x8146
23,April_appointment_time,"[-0.06351557 -0.00291997 -0.01019311 ...  0.01271641 -0.00210217
  0.01878372]",18:01
24,Laurie_doctor,"[ 0.0123447   0.04013603 -0.01480422 ... -0.02707784 -0.00018157
 -0.0198    ]",Dr. Smith
25,Laurie_appointment_date,"[-0.03609194  0.01719354 -0.01105284 ...  0.00586287  0.01384026
  0.00202575]",2026-06-02
26,Laurie_checkup_department,"[-0.0168442  -0.00831954 -0.01343882 ...  0.00136443  0.00574414
 -0.01145251]",Dentist
27,Laurie_hospital_location,"[-0.00357804  0.03415956 -0.0124318  ... -0.02733536  0.00366321
 -0.00550307]",Global Care Hospital
28,Laurie_contact,"[-0.01255057  0.01556911 -0.01468353 ... -0.03022678  0.02608394
 -0.00876882]",553.594.2082
29,Laurie_appointment_time,"[-0.04349274  0.0009566  -0.01222818 ...  0.00275799  0.00969847
 -0.00099788]",15:47
30,Timothy_doctor,"[ 0.003353    0.00424199 -0.01423821 ... -0.0136323   0.00676402
 -0.01500713]",Dr. Johnson
31,Timothy_appointment_date,"[-0.04275421  0.0186632  -0.00841004 ...  0.02978426  0.03358529
  0.00994156]",2026-01-25
32,Timothy_checkup_department,"[-0.02349564 -0.02641906 -0.01349377 ...  0.02580047  0.00976044
 -0.00999975]",Orthopedics
33,Timothy_hospital_location,"[-0.0077956   0.01026038 -0.01367246 ...  0.00887519  0.01221783
 -0.00481421]",Mountain View Hospital
34,Timothy_contact,"[-0.01622442 -0.00727446 -0.01425501 ... -0.01081357  0.02883182
 -0.00940875]",(566)988-2922x161
35,Timothy_appointment_time,"[-0.04066209  0.00048975 -0.01091537 ...  0.0247873   0.02425403
  0.0040611 ]",11:24
36,Andrew_doctor,"[ 0.00528045 -0.0282683  -0.01439676 ... -0.01142419 -0.00149114
  0.0067326 ]",Dr. Roshan
37,Andrew_appointment_date,"[-0.04369269  0.01639519 -0.00949029 ...  0.02112143  0.01458746
  0.02774835]",2025-11-14
38,Andrew_checkup_department,"[-0.02730124 -0.04107947 -0.01258784 ...  0.00867745 -0.00965761
  0.01043429]",Neurology
39,Andrew_hospital_location,"[-0.00270509  0.01304914 -0.01350329 ...  0.00967108 -0.00135833
  0.01384826]",Global Care Hospital
40,Andrew_contact,"[-0.01300669 -0.03018592 -0.01381003 ... -0.00623373 -0.01237917
  0.01448782]",889-255-8882
41,Andrew_appointment_time,"[-0.04484104  0.00060146 -0.01092418 ...  0.01777782  0.01274952
  0.02623245]",02:08
42,Roger_doctor,"[-0.00050005  0.00050369 -0.01390722 ... -0.01282596  0.00486293
 -0.01111319]",Dr. Thomas
43,Roger_appointment_date,"[-0.04102935  0.01438101 -0.00964918 ...  0.0267663   0.02876736
  0.01656505]",2025-10-30
44,Roger_checkup_department,"[-0.00528445 -0.06754499 -0.01319543 ...  0.00968531  0.01718896
 -0.02382725]",Neurology
45,Roger_hospital_location,"[ 0.00146459 -0.01784369 -0.01196188 ... -0.0012309   0.01173593
 -0.03638566]",Sunshine Medical Center
46,Roger_contact,"[-0.00486381 -0.04054371 -0.01342648 ...  0.01693395  0.03908838
 -0.00954926]",643.627.2489
47,Roger_appointment_time,"[-0.04393218 -0.01081649 -0.01113818 ...  0.02338444  0.02333881
  0.01165838]",18:28
48,Daniel_doctor,"[ 0.01499914 -0.01347046 -0.01451607 ... -0.02083373  0.02614005
 -0.00558083]",Dr. Anderson
49,Daniel_appointment_date,"[-0.04198979  0.01236828 -0.00981693 ...  0.02260081  0.02983238
  0.02503108]",2025-12-23
50,Daniel_checkup_department,"[-0.01683378 -0.05399818 -0.01219361 ...  0.0183726   0.02169842
  0.0032574 ]",Radiology
51,Daniel_hospital_location,"[ 0.01160663  0.00148583 -0.01318648 ... -0.01081688  0.02223173
 -0.0044737 ]",Patan Hospital
52,Daniel_contact,"[ 0.00361032 -0.02545309 -0.01297252 ...  0.00266785  0.01627773
 -0.00043664]",804-947-4659x96793
53,Daniel_appointment_time,"[-0.04134618 -0.00378446 -0.01134001 ...  0.02109047  0.02414535
  0.02480025]",23:52
54,Ralph_doctor,"[ 0.00529538 -0.0081575  -0.01370418 ... -0.01751766 -0.00213788
 -0.03601873]",Dr. Smith
55,Ralph_appointment_date,"[-0.02591124 -0.01578893 -0.00948086 ...  0.00953948  0.00373459
 -0.02486573]",2026-07-03
56,Ralph_checkup_department,"[-0.03489779 -0.03177236 -0.01301581 ...  0.02333474  0.00636953
 -0.02875096]",Orthopedics
57,Ralph_hospital_location,"[ 0.00042426  0.0060856  -0.01131585 ... -0.00746154 -0.00251308
 -0.03486463]",Mountain View Hospital
58,Ralph_contact,"[-0.0147839  -0.02582993 -0.01319705 ... -0.00359145  0.0203623
 -0.03535474]",798-972-2018
59,Ralph_appointment_time,"[-0.03645444 -0.03012108 -0.01099239 ...  0.00823644  0.00201477
 -0.02758716]",22:53
60,Amy_doctor,"[-0.02344587  0.05134746 -0.01361631 ...  0.00899468  0.00281795
  0.03289415]",Dr. Moore
61,Amy_appointment_date,"[-0.06055434  0.03480607 -0.00648617 ...  0.02701641  0.02572654
  0.02457304]",2026-02-15
62,Amy_checkup_department,"[-4.7013320e-02  2.1570395e-03 -1.1911950e-02 ...  2.6932918e-02
 -7.2849369e-05  1.5131421e-02]",Dermatology
63,Amy_hospital_location,"[-0.02335986  0.05564164 -0.01223812 ...  0.02677694 -0.0038368
  0.03233306]",Global Care Hospital
64,Amy_contact,"[-0.03540324  0.00850133 -0.01131144 ...  0.01791304 -0.00924922
  0.02365553]",4537445441
65,Amy_appointment_time,"[-0.06000007  0.01553061 -0.00849535 ...  0.02702645  0.02041515
  0.01959699]",15:51
66,Kurt_doctor,"[ 0.0310866   0.04328755 -0.01299621 ... -0.0131707  -0.00602463
 -0.01292467]",Dr. Roshan
67,Kurt_appointment_date,"[-0.01804419  0.02229499 -0.00845005 ...  0.03325323  0.02502223
  0.02349877]",2026-05-24
68,Kurt_checkup_department,"[ 0.01256695 -0.01856385 -0.01154586 ...  0.03149918  0.00764645
 -0.00243849]",Psychiatry
69,Kurt_hospital_location,"[ 0.03535954  0.03691562 -0.01070252 ...  0.01856713 -0.0068127
  0.00865975]",City Hospital
70,Kurt_contact,"[ 0.03609023  0.0213483  -0.01274055 ...  0.00307595  0.01820207
  0.00394272]",259-495-8543x4801
71,Kurt_appointment_time,"[-0.01841037  0.00329638 -0.01016027 ...  0.02604708  0.01861047
  0.01762503]",05:42
72,Jasmine_doctor,"[ 0.02182109  0.01768049 -0.01393793 ... -0.01422091 -0.00245426
  0.00611283]",Dr. Roshan
73,Jasmine_appointment_date,"[-0.03634658  0.01492614 -0.00865404 ...  0.02450326  0.01384595
  0.02386096]",2026-04-28
74,Jasmine_checkup_department,"[-0.00084188 -0.02626149 -0.01318907 ...  0.00914704 -0.0027409
  0.01930782]",Psychiatry
75,Jasmine_hospital_location,"[ 0.00471048  0.01484205 -0.01230317 ...  0.00385633 -0.01007444
  0.02078228]",Sunshine Medical Center
76,Jasmine_contact,"[ 0.0001855   0.00111422 -0.01512214 ... -0.0062537   0.01249525
  0.02600385]",505.503.3669x98612
77,Jasmine_appointment_time,"[-0.03357412 -0.00353686 -0.01038885 ...  0.02116056  0.00319496
  0.02064837]",07:39
78,Tamara_doctor,"[-0.00909751  0.03044532 -0.01397496 ... -0.01010709 -0.00238673
 -0.01680984]",Dr. Lee
79,Tamara_appointment_date,"[-0.0568727   0.03333772 -0.00735779 ...  0.0190498   0.01544114
  0.01923705]",2025-09-03
80,Tamara_checkup_department,"[-0.02446748 -0.02502973 -0.01317233 ...  0.02098728 -0.01073018
 -0.00296874]",Dentist
81,Tamara_hospital_location,"[-0.03735101  0.01710572 -0.01187081 ...  0.00438295 -0.00900796
  0.00123752]",City Hospital
82,Tamara_contact,"[-0.03429922  0.01208725 -0.01391405 ... -0.00268987  0.010237
 -0.00304722]",+1-441-704-5677x14287
83,Tamara_appointment_time,"[-0.05992731  0.00782604 -0.00999798 ...  0.01968921  0.01033141
  0.01248621]",14:50
84,Lisa_doctor,"[-0.00703938  0.03311222 -0.01313304 ...  0.0165977   0.03525921
 -0.01340485]",Dr. Johnson
85,Lisa_appointment_date,"[-0.04881058  0.02760687 -0.00761361 ...  0.03050965  0.03080756
  0.0244072 ]",2025-09-18
86,Lisa_checkup_department,"[-0.02588377 -0.00465539 -0.01260369 ...  0.0370145   0.02976942
 -0.00396235]",Cardiology
87,Lisa_hospital_location,"[-0.01574738  0.05379521 -0.01286292 ...  0.02430688  0.01863099
 -0.01678814]",Patan Hospital
88,Lisa_contact,"[-0.0006535  -0.00046365 -0.01321289 ...  0.02637312  0.03873786
 -0.0126952 ]",+1-949-297-8901x45016
89,Lisa_appointment_time,"[-0.04719524  0.00505538 -0.00956236 ...  0.02672773  0.02732579
  0.0188362 ]",02:01
90,Heather_doctor,"[ 0.01514179  0.04613741 -0.01407425 ... -0.00647494  0.01178201
 -0.01329312]",Dr. Johnson
91,Heather_appointment_date,"[-0.03765893  0.03787626 -0.00984017 ...  0.00452286  0.03409245
  0.01026914]",2026-04-23
92,Heather_checkup_department,"[-0.01554109  0.01383619 -0.01306578 ...  0.02470772  0.01505722
 -0.00094717]",Radiology
93,Heather_hospital_location,"[ 0.00703691  0.04062576 -0.01247418 ...  0.00306679  0.01528352
 -0.00589277]",Global Care Hospital
94,Heather_contact,"[ 0.00242244  0.03287762 -0.01478661 ... -0.00414167  0.03963213
 -0.00653001]",232.835.1369x8789
95,Heather_appointment_time,"[-0.04063874  0.02340104 -0.01116186 ...  0.00814516  0.02698472
  0.00740234]",01:45
96,James_doctor,"[ 0.00823912 -0.01148094 -0.01425298 ... -0.02726972  0.01568586
 -0.01029385]",Dr. Moore
97,James_appointment_date,"[-0.02567096 -0.00341964 -0.00892499 ...  0.02385768  0.01812084
  0.02102583]",2025-10-02
98,James_checkup_department,"[-0.02586874 -0.02903308 -0.01227689 ...  0.02235416  0.01630394
  0.00594664]",Orthopedics
99,James_hospital_location,"[ 0.01285282  0.00076384 -0.01188526 ... -0.01512203  0.01042844
  0.00153888]",Patan Hospital
100,James_contact,"[ 0.02421522 -0.01479879 -0.01313933 ... -0.00548225  0.01773523
  0.01235324]",660-941-3055x922
101,James_appointment_time,"[-0.02788692 -0.01827726 -0.0106631  ...  0.01916392  0.01413312
  0.01559826]",01:38
102,Alexis_doctor,"[-0.00115699  0.0350784  -0.01424387 ... -0.01628978  0.02812817
 -0.00950415]",Dr. Thomas
103,Alexis_appointment_date,"[-0.05184199  0.01685786 -0.0087518  ...  0.02139876  0.03232873
  0.01691132]",2026-05-23
104,Alexis_checkup_department,"[-0.03948301 -0.00630767 -0.01365412 ...  0.0154513   0.02817399
  0.00348417]",Dentist
105,Alexis_hospital_location,"[-0.01336523  0.04149913 -0.01367403 ... -0.00516637  0.03756254
  0.00542574]",Mountain View Hospital
106,Alexis_contact,"[-0.02721194  0.01690888 -0.0158833  ... -0.01021318  0.06013549
  0.0029025 ]",623-203-4731
107,Alexis_appointment_time,"[-0.05249763  0.00265543 -0.01075639 ...  0.01874792  0.02542372
  0.01114529]",17:41
108,Benjamin_doctor,"[ 0.0052312  -0.02491726 -0.01407407 ... -0.03403924  0.00708637
 -0.01817891]",Dr. Wilson
109,Benjamin_appointment_date,"[-0.04797962 -0.00865583 -0.00902749 ...  0.00373785  0.02277758
  0.00305448]",2026-06-16
110,Benjamin_checkup_department,"[-0.02557931 -0.05558491 -0.01249623 ...  0.0090759   0.01173087
 -0.00652226]",Neurology
111,Benjamin_hospital_location,"[-0.01635942 -0.01120708 -0.01201725 ... -0.02296116  0.002915
 -0.01247067]",City Hospital
112,Benjamin_contact,"[-0.02724963 -0.04588299 -0.01462584 ... -0.03424033  0.02309428
 -0.01141135]",+1-434-827-8051x411
113,Benjamin_appointment_time,"[-0.05024647 -0.02526367 -0.01103463 ... -0.00016611  0.01897096
  0.00372597]",00:09
114,Bonnie_doctor,"[-0.00832189  0.04074809 -0.01357699 ... -0.01382728 -0.01753686
 -0.019428  ]",Dr. Smith
115,Bonnie_appointment_date,"[-0.04523486  0.00350817 -0.00999113 ...  0.00555745 -0.00721332
 -0.00076231]",2025-12-28
116,Bonnie_checkup_department,"[-0.00076859 -0.04482698 -0.01378658 ...  0.00182655 -0.01768338
 -0.01298864]",Dentist
117,Bonnie_hospital_location,"[-0.00644169  0.01576744 -0.01160358 ... -0.01069262 -0.02664822
 -0.01317615]",Mountain View Hospital
118,Bonnie_contact,"[-0.01468982 -0.01058983 -0.01496846 ... -0.02409613 -0.00459692
 -0.00996696]",001-710-790-1894
119,Bonnie_appointment_time,"[-0.05676035 -0.01086137 -0.0116517  ...  0.00260286 -0.00207232
 -0.00389995]",01:25
120,Paula_doctor,"[ 0.00800603  0.05580251 -0.01299401 ...  0.00283493  0.01455149
 -0.01210944]",Dr. Taylor
121,Paula_appointment_date,"[-0.03693444  0.01598774 -0.00799224 ...  0.03670796  0.02936329
  0.02283002]",2025-12-21
122,Paula_checkup_department,"[-0.01986394 -0.02819843 -0.01222455 ...  0.04308914  0.02010206
  0.0023837 ]",Dentist
123,Paula_hospital_location,"[-0.00146483  0.01364389 -0.01163206 ...  0.01870006  0.02577315
  0.01192601]",Global Care Hospital
124,Paula_contact,"[-0.00537083 -0.0152344  -0.01384595 ...  0.01706381  0.04742802
  0.0083042 ]",353.501.1322x21459
125,Paula_appointment_time,"[-0.03956149 -0.00779724 -0.01079079 ...  0.03383675  0.0219765
  0.02101475]",19:06
126,Shannon_doctor,"[ 0.01267582  0.00746157 -0.01441789 ... -0.02966055  0.00495356
 -0.01506097]",Dr. Roshan
127,Shannon_appointment_date,"[-0.04411979  0.01237908 -0.00806558 ...  0.01875821  0.02123237
  0.00934443]",2026-01-30
128,Shannon_checkup_department,"[-0.00698659 -0.04884559 -0.0125746  ...  0.00277243  0.00533026
 -0.01037365]",Psychiatry
129,Shannon_hospital_location,"[ 0.00605009 -0.00552197 -0.01150371 ... -0.02257101  0.01333429
 -0.01906517]",Sunshine Medical Center
130,Shannon_contact,"[-0.00537257 -0.01244519 -0.01375882 ... -0.02506724  0.03360965
 -0.00524474]",001-279-471-7956x49848
131,Shannon_appointment_time,"[-0.04673192 -0.00495454 -0.00984517 ...  0.01647805  0.01509738
  0.00378793]",22:59
132,Meghan_doctor,"[-0.02193647  0.01590208 -0.01318974 ... -0.01287645  0.01199346
 -0.01387053]",Dr. Moore
133,Meghan_appointment_date,"[-0.06432349  0.01762764 -0.00820681 ...  0.01641482  0.01357476
  0.00724588]",2025-10-22
134,Meghan_checkup_department,"[-0.042737   -0.04204902 -0.01305455 ...  0.01342516  0.00833249
 -0.0027109 ]",Dermatology
135,Meghan_hospital_location,"[-0.03404991 -0.00431562 -0.01122266 ...  0.00184785  0.00507255
 -0.00615066]",Global Care Hospital
136,Meghan_contact,"[-0.05010588 -0.01739141 -0.01400122 ... -0.00522142  0.03657859
 -0.00551552]",7023847178
137,Meghan_appointment_time,"[-0.06711493  0.00203803 -0.01003485 ...  0.01808845  0.00971991
  0.0033549 ]",01:09
138,Sue_doctor,"[ 0.00529161  0.00507877 -0.0132242  ... -0.0024204   0.01897033
  0.00537174]",Dr. Anderson
139,Sue_appointment_date,"[-0.04012882  0.00686691 -0.00822303 ...  0.03175981  0.03357659
  0.02324969]",2026-06-21
140,Sue_checkup_department,"[-0.01840985 -0.04886192 -0.01223576 ...  0.02117906  0.02121237
  0.01023262]",Pediatrics
141,Sue_hospital_location,"[-0.00803332 -0.00348226 -0.01139597 ...  0.00464788  0.02874049
  0.01751029]",Mountain View Hospital
142,Sue_contact,"[-0.0135095  -0.02060279 -0.01330114 ... -0.0050807   0.05037405
  0.01796254]",7799824643
143,Sue_appointment_time,"[-0.04338281 -0.01498585 -0.01009928 ...  0.02281583  0.029347
  0.02116016]",03:04
144,Maria_doctor,"[-0.01058714  0.04730275 -0.01241139 ... -0.00310746  0.02159591
 -0.00098417]",Dr. Roshan
145,Maria_appointment_date,"[-0.06101576  0.02657394 -0.00885291 ...  0.02708581  0.01937697
  0.02729854]",2025-08-10
146,Maria_checkup_department,"[-0.03564024 -0.03621022 -0.01381069 ...  0.01841373  0.0047162
  0.01779896]",Psychiatry
147,Maria_hospital_location,"[-0.02334576  0.04187045 -0.01182115 ...  0.00787863  0.00905186
 -0.00473761]",City Hospital
148,Maria_contact,"[-0.02047168  0.02577016 -0.01243961 ...  0.02567505  0.03015876
  0.01177864]",+1-459-688-7610x1277
149,Maria_appointment_time,"[-0.06475643  0.00531466 -0.01084229 ...  0.02701706  0.01490882
  0.02199107]",09:41
150,Brian_doctor,"[-0.0047707   0.00399097 -0.01576938 ... -0.02172344  0.00549266
 -0.0072261 ]",Dr. Anderson
151,Brian_appointment_date,"[-0.06414018  0.02758165 -0.00969356 ...  0.0061064   0.0180496
  0.01852256]",2026-05-10
152,Brian_checkup_department,"[-0.01404817 -0.05059762 -0.0141609  ...  0.00296174 -0.00117781
  0.0028332 ]",Orthopedics
153,Brian_hospital_location,"[-0.02418582  0.00774767 -0.01284435 ... -0.0063789   0.00277343
 -0.00415878]",City Hospital
154,Brian_contact,"[-0.01204673 -0.02125496 -0.01403999 ... -0.01049898  0.01052889
 -0.00345069]",206.549.8637x6322
155,Brian_appointment_time,"[-0.0686533   0.00174497 -0.01126739 ...  0.00216918  0.01812983
  0.01684522]",23:24
156,Matthew_doctor,"[ 0.0106144   0.00652278 -0.012919   ... -0.0181306  -0.00114588
 -0.00899683]",Dr. Taylor
157,Matthew_appointment_date,"[-0.04145024  0.02134997 -0.00918156 ...  0.01954746  0.00065332
  0.01419329]",2025-08-20
158,Matthew_checkup_department,"[-0.03356737 -0.02991852 -0.01287589 ...  0.02296115 -0.00071761
 -0.00576479]",Neurology
159,Matthew_hospital_location,"[-0.00759927  0.03587048 -0.01132806 ... -0.01527895 -0.00560171
 -0.01764367]",Sunshine Medical Center
160,Matthew_contact,"[-0.00911289 -0.00563983 -0.01238128 ... -0.00871471  0.00772535
  0.00306594]",751-867-4949x5242
161,Matthew_appointment_time,"[-0.0476144   0.00084641 -0.01074636 ...  0.01443385 -0.0022189
  0.0077164 ]",14:30
162,Anne_doctor,"[ 0.01478073  0.02440804 -0.01337938 ... -0.01296422  0.01088982
 -0.0111561 ]",Dr. Lee
163,Anne_appointment_date,"[-0.03267987  0.02083022 -0.0098075  ...  0.01378183  0.02391336
  0.00776846]",2026-01-23
164,Anne_checkup_department,"[-0.01150021 -0.01585356 -0.01260885 ...  0.00207584  0.00236385
 -0.00361993]",Neurology
165,Anne_hospital_location,"[ 0.01914813  0.04055382 -0.01257516 ...  0.00450564  0.01509608
 -0.0023451 ]",Global Care Hospital
166,Anne_contact,"[ 0.00936171  0.00913719 -0.01328753 ... -0.01841818  0.00049376
 -0.01675245]",(281)902-0484
167,Anne_appointment_time,"[-0.03572457  0.00152892 -0.01102319 ...  0.01099007  0.01792247
  0.00251139]",13:08
168,Amanda_doctor,"[-0.00956952  0.02247006 -0.01392796 ... -0.01338943  0.00300924
  0.01068016]",Dr. Moore
169,Amanda_appointment_date,"[-0.04867155  0.01687645 -0.0089059  ...  0.02076664  0.02403626
  0.03483377]",2026-02-16
170,Amanda_checkup_department,"[-1.9921299e-02 -2.9892115e-02 -1.2523470e-02 ...  1.0009818e-02
  9.5383773e-05  1.2618913e-02]",Neurology
171,Amanda_hospital_location,"[-0.02006685  0.01878597 -0.0125096  ... -0.00544224 -0.00374552
  0.03687453]",Patan Hospital
172,Amanda_contact,"[-0.02381076  0.00437004 -0.01511008 ... -0.00828895  0.02385021
  0.03056724]",410.761.3896
173,Amanda_appointment_time,"[-0.05431687 -0.00170548 -0.01104826 ...  0.01719183  0.01516401
  0.03376885]",22:52
174,Brenda_doctor,"[-0.00603339  0.0369101  -0.01385473 ... -0.02863523  0.01168134
 -0.0162224 ]",Dr. Thomas
175,Brenda_appointment_date,"[-0.04505562  0.01300125 -0.00876363 ...  0.00113386  0.01482339
  0.01425361]",2026-06-08
176,Brenda_checkup_department,"[-0.02353191 -0.02552163 -0.01356045 ... -0.00561892  0.00743397
 -0.00357198]",Radiology
177,Brenda_hospital_location,"[-0.02055528  0.01836383 -0.01227515 ... -0.0336934  -0.00377058
  0.00036102]",Mountain View Hospital
178,Brenda_contact,"[-0.0308725   0.00533857 -0.01507566 ... -0.03278403  0.02248718
 -0.00262811]",744.670.0051x238
179,Brenda_appointment_time,"[-0.0506379  -0.00287638 -0.01076532 ... -0.00279396  0.00749769
  0.01269843]",22:02
180,Joshua_doctor,"[ 4.1705471e-02 -1.6725149e-02 -1.4559578e-02 ... -9.1327149e-03
 -4.1496969e-05 -1.2859495e-03]",Dr. Moore
181,Joshua_appointment_date,"[-0.02019279  0.00023942 -0.00885743 ...  0.02522934  0.01994083
  0.02425386]",2026-01-16
182,Joshua_checkup_department,"[ 0.01464158 -0.05946475 -0.01266377 ...  0.02511409  0.00753907
  0.00958487]",Cardiology
183,Joshua_hospital_location,"[ 0.03841197 -0.01936044 -0.0124103  ...  0.01276367  0.00189823
  0.01412187]",Mountain View Hospital
184,Joshua_contact,"[ 0.02909876 -0.04278401 -0.01447525 ...  0.01087883  0.02330763
  0.0110547 ]",245.844.2676
185,Joshua_appointment_time,"[-0.02282281 -0.02149493 -0.01127206 ...  0.02272277  0.0144931
  0.01882163]",12:47
186,Jill_doctor,"[ 0.00186885  0.01489362 -0.01361642 ... -0.01701995  0.00788664
 -0.00852111]",Dr. Moore
187,Jill_appointment_date,"[-0.03892491  0.01960638 -0.00844231 ...  0.01998113  0.02558581
  0.01627102]",2025-10-23
188,Jill_checkup_department,"[-0.01498259 -0.03825514 -0.01294183 ...  0.01473334  0.01278681
 -0.00345499]",Cardiology
189,Jill_hospital_location,"[-0.00709642  0.0005178  -0.0119825  ... -0.00083952  0.01319494
  0.00774146]",Global Care Hospital
190,Jill_contact,"[-0.00213091 -0.01181869 -0.01450672 ... -0.01403313  0.03443552
  0.00471695]",750.579.8063
191,Jill_appointment_time,"[-0.04726208 -0.00444907 -0.01037346 ...  0.01431564  0.02006581
  0.01212578]",21:07
192,Brooke_doctor,"[ 0.006635    0.00125225 -0.01589859 ... -0.02412738  0.01657815
 -0.00790339]",Dr. Roshan
193,Brooke_appointment_date,"[-0.05360308  0.00474493 -0.01020071 ...  0.00842342  0.02996067
  0.01777283]",2026-01-02
194,Brooke_checkup_department,"[ 0.01738735 -0.0558565  -0.01505614 ... -0.00077971  0.01603286
  0.01350527]",Dentist
195,Brooke_hospital_location,"[-0.01557524 -0.00733204 -0.01376236 ... -0.00875355  0.03228335
  0.0113108 ]",City Hospital
196,Brooke_contact,"[-0.02151433 -0.01887238 -0.01681966 ... -0.01362142  0.05065759
  0.01213609]",766-399-5098
197,Brooke_appointment_time,"[-0.05270894 -0.00986906 -0.01182216 ...  0.00841506  0.02492077
  0.01611887]",19:19
198,Alexander_doctor,"[ 0.01914468  0.01027669 -0.01465343 ... -0.00827594  0.02673605
 -0.0039765 ]",Dr. Taylor
199,Alexander_appointment_date,"[-0.04530147 -0.00760645 -0.00933381 ...  0.02206749  0.01885436
  0.01740622]",2026-04-03
200,Alexander_checkup_department,"[-0.0191231  -0.03065221 -0.01354198 ...  0.01506496  0.02321401
 -0.00206542]",Neurology
201,Alexander_hospital_location,"[-0.00376189  0.03028602 -0.01240109 ... -0.00064874  0.03378008
 -0.00427545]",Sunshine Medical Center
202,Alexander_contact,"[ 0.01529894 -0.01102434 -0.0147813  ... -0.00834898  0.02981277
  0.00701278]",555.944.7898
203,Alexander_appointment_time,"[-0.04579279 -0.02852259 -0.01093347 ...  0.01793699  0.01957646
  0.01154441]",12:36
204,Samantha_doctor,"[-0.00564043  0.02284534 -0.01341826 ...  0.00294317 -0.01330998
 -0.01496383]",Dr. Smith
205,Samantha_appointment_date,"[-0.05392908  0.02775458 -0.00819144 ...  0.03853163  0.00549213
  0.01012966]",2025-08-11
206,Samantha_checkup_department,"[-0.03076469 -0.03141864 -0.0125398  ...  0.03112156 -0.00999883
 -0.00404045]",Neurology
207,Samantha_hospital_location,"[-0.0376939   0.01675124 -0.01148631 ...  0.02182917 -0.00881005
  0.00042435]",City Hospital
208,Samantha_contact,"[-0.02959405 -0.00147002 -0.01430202 ...  0.02560457  0.01114351
 -0.00603569]",447-829-0210x8955
209,Samantha_appointment_time,"[-0.06041927  0.00852932 -0.00986706 ...  0.03727775 -0.00645326
  0.00551693]",08:45
210,Tony_doctor,"[-0.00926382  0.00421897 -0.0148436  ... -0.01129062  0.00771205
 -0.0157559 ]",Dr. Roshan
211,Tony_appointment_date,"[-0.0434114   0.01069663 -0.00869005 ...  0.02953275  0.02739892
  0.01661787]",2026-02-27
212,Tony_checkup_department,"[-0.0166752  -0.03081531 -0.01264912 ...  0.02285084  0.02422737
 -0.01338743]",Dermatology
213,Tony_hospital_location,"[ 0.003157    0.00883064 -0.01240461 ...  0.00521905  0.02057216
 -0.02333369]",Sunshine Medical Center
214,Tony_contact,"[ 0.01115775 -0.03417004 -0.01253117 ...  0.01323145  0.03824993
 -0.0080263 ]",763.710.0415
215,Tony_appointment_time,"[-0.04279949 -0.01225817 -0.01010275 ...  0.02215818  0.02228299
  0.01289141]",18:49
216,Sherry_doctor,"[-0.00400313  0.04789994 -0.01313353 ... -0.00138742 -0.00415202
 -0.00517928]",Dr. Thomas
217,Sherry_appointment_date,"[-0.05175072  0.03189002 -0.00718846 ...  0.02225695  0.01446939
  0.01421311]",2026-01-19
218,Sherry_checkup_department,"[-0.01253417 -0.01717801 -0.01214272 ...  0.02297526 -0.00442826
  0.00344586]",Dermatology
219,Sherry_hospital_location,"[-0.0081349   0.04431389 -0.01115184 ...  0.00905403  0.00619263
  0.00117506]",Sunshine Medical Center
220,Sherry_contact,"[-0.01989415  0.03264248 -0.01348226 ...  0.00702533  0.02473127
  0.00473296]",347.663.9316
221,Sherry_appointment_time,"[-0.05516552  0.00941416 -0.00931002 ...  0.0179307   0.00597791
  0.01172316]",16:17
222,Sara_doctor,"[ 0.01110902  0.02884985 -0.01301706 ... -0.00640155 -0.00240565
 -0.01838671]",Dr. Moore
223,Sara_appointment_date,"[-0.03806861  0.03411933 -0.00813503 ...  0.02214748  0.01491042
  0.01124387]",2026-06-13
224,Sara_checkup_department,"[-0.01115782 -0.02517926 -0.01230175 ...  0.02002256 -0.01031502
 -0.00626629]",Radiology
225,Sara_hospital_location,"[-0.00716503  0.02267444 -0.01135234 ... -0.00036107 -0.00285068
 -0.00669622]",Patan Hospital
226,Sara_contact,"[-1.4245998e-02  7.0018522e-03 -1.3545751e-02 ...  2.9424613e-05
  1.7719129e-02 -1.5625590e-02]",972.287.7045
227,Sara_appointment_time,"[-0.04275904  0.01040308 -0.00964006 ...  0.01912007  0.00794309
  0.00931276]",12:17
228,Kenneth_doctor,"[ 0.02130212 -0.00152618 -0.01337299 ... -0.01221541  0.00936844
 -0.00304579]",Dr. Roshan
229,Kenneth_appointment_date,"[-0.02110847  0.00115379 -0.0087316  ...  0.01965912  0.02506164
  0.01765214]",2026-07-10
230,Kenneth_checkup_department,"[-0.00287029 -0.04396369 -0.01225494 ...  0.0268407   0.0167327
 -0.00247144]",Pediatrics
231,Kenneth_hospital_location,"[ 0.01840694  0.00897072 -0.01120041 ...  0.01110998  0.01436751
  0.01362497]",Global Care Hospital
232,Kenneth_contact,"[ 0.00166943 -0.0165097  -0.01329624 ...  0.00143881  0.03837907
  0.00765761]",001-441-419-7256
233,Kenneth_appointment_time,"[-0.02527465 -0.01380386 -0.00997256 ...  0.01936388  0.01896838
  0.01736931]",02:52
234,Angela_doctor,"[ 0.01187639  0.02075401 -0.01387283 ... -0.00783916 -0.00119598
 -0.02125201]",Dr. Wilson
235,Angela_appointment_date,"[-0.02395039  0.00116688 -0.00921545 ...  0.02318055  0.0135492
  0.00599529]",2026-06-12
236,Angela_checkup_department,"[-0.00263054 -0.03672449 -0.01223077 ...  0.02887344  0.0052066
 -0.00849526]",Pediatrics
237,Angela_hospital_location,"[ 0.01099546  0.01278228 -0.01177417 ...  0.00325679  0.01083552
 -0.01002993]",Global Care Hospital
238,Angela_contact,"[ 0.00253213 -0.0153478  -0.0140079  ...  0.01100917  0.02691901
 -0.01394578]",+1-388-944-3940x8272
239,Angela_appointment_time,"[-0.03338042 -0.01267728 -0.01142245 ...  0.01980623  0.01879834
  0.0015423 ]",02:47
240,Nicholas_doctor,"[ 0.0296509  -0.00073802 -0.0146271  ... -0.01209019  0.00353637
 -0.02893763]",Dr. Anderson
241,Nicholas_appointment_date,"[-0.02564036  0.00530582 -0.01004265 ...  0.0234527   0.01592617
 -0.0151831 ]",2026-06-13
242,Nicholas_checkup_department,"[-0.00932289 -0.04354259 -0.01308822 ...  0.01956368  0.00652888
 -0.02272073]",Dentist
243,Nicholas_hospital_location,"[ 0.01433878  0.01837581 -0.01293506 ...  0.00753655  0.00250703
 -0.02549806]",Sunshine Medical Center
244,Nicholas_contact,"[ 0.00178242 -0.01580995 -0.01492642 ...  0.00234682  0.02247193
 -0.03074066]",+1-273-681-0457x92615
245,Nicholas_appointment_time,"[-0.02953799 -0.01108038 -0.01148404 ...  0.02216344  0.01685043
 -0.01699465]",08:14
246,Kim_doctor,"[ 0.01412814 -0.02347475 -0.01474865 ... -0.0074725   0.00962727
  0.0039259 ]",Dr. Brown
247,Kim_appointment_date,"[-0.05197905  0.01005237 -0.0084128  ...  0.02668975  0.02451702
  0.01815897]",2026-01-06
248,Kim_checkup_department,"[-0.00875421 -0.05042334 -0.01288384 ...  0.03125724  0.00467694
  0.0180892 ]",Dentist
249,Kim_hospital_location,"[-0.01540109 -0.00718788 -0.0122149  ...  0.00661603 -0.00578324
  0.00555342]",Global Care Hospital
250,Kim_contact,"[-0.00062992 -0.0160128  -0.01328175 ...  0.01723141  0.01392265
  0.02577876]",+1-993-451-2079x294
251,Kim_appointment_time,"[-0.05412829 -0.00692425 -0.00992351 ...  0.02496557  0.01710212
  0.01403125]",18:27
252,Susan_doctor,"[ 0.00070225  0.00799039 -0.01288238 ... -0.00381049  0.00718733
  0.01632624]",Dr. Lee
253,Susan_appointment_date,"[-0.03904546  0.00835383 -0.00891697 ...  0.02344565  0.01318265
  0.02966189]",2026-01-20
254,Susan_checkup_department,"[-0.03191479 -0.02624398 -0.01142338 ...  0.02656516  0.00820122
  0.01707871]",Dermatology
255,Susan_hospital_location,"[-0.01582302  0.01758697 -0.01221699 ...  0.00578139  0.00126359
  0.02035588]",Global Care Hospital
256,Susan_contact,"[-0.00680729 -0.02878148 -0.01128146 ...  0.01920282  0.00256071
  0.02781453]",(324)918-8430x65871
257,Susan_appointment_time,"[-0.04195288 -0.01456743 -0.01007455 ...  0.02252794  0.00111875
  0.02398184]",18:28
258,Edwin_doctor,"[ 0.04962855  0.02553156 -0.01488315 ... -0.02301277  0.00318206
 -0.00125051]",Dr. Brown
259,Edwin_appointment_date,"[ 0.00310462  0.01146657 -0.01070316 ...  0.01182986  0.02226635
  0.00587394]",2026-06-03
260,Edwin_checkup_department,"[ 0.01412706 -0.01642697 -0.01309778 ...  0.0207219   0.02117677
 -0.0044019 ]",Radiology
261,Edwin_hospital_location,"[ 0.03648884  0.04531362 -0.01214057 ... -0.00451768  0.01690509
  0.01575299]",Global Care Hospital
262,Edwin_contact,"[ 0.03493999  0.0233624  -0.01465439 ... -0.01094133  0.03278415
  0.00579133]",(737)616-5095
263,Edwin_appointment_time,"[-0.01430796 -0.00724271 -0.01162557 ...  0.0163027   0.01421199
  0.00709004]",02:40
264,Jessica_doctor,"[ 0.0184065   0.00775957 -0.01293085 ... -0.00846441  0.03662992
 -0.010118  ]",Dr. Roshan
265,Jessica_appointment_date,"[-0.03930098  0.00978054 -0.00753117 ...  0.02617957  0.03088754
  0.01861172]",2026-02-07
266,Jessica_checkup_department,"[-0.00978994 -0.02305287 -0.01237324 ...  0.02596499  0.03097824
  0.00492829]",Radiology
267,Jessica_hospital_location,"[ 0.00281405  0.01844122 -0.01206197 ...  0.00633603  0.01341761
 -0.01370187]",Global Care Hospital
268,Jessica_contact,"[ 0.03224036 -0.01266009 -0.0126119  ...  0.02803314  0.03743071
  0.0014608 ]",990-870-8470
269,Jessica_appointment_time,"[-0.0323365  -0.01275928 -0.00951465 ...  0.02345674  0.02242501
  0.01326861]",08:56
270,Paige_doctor,"[-0.00372714  0.01943046 -0.01369107 ...  0.0220995   0.02686292
 -0.02050465]",Dr. Taylor
271,Paige_appointment_date,"[-0.03940491  0.01291431 -0.00903407 ...  0.04210242  0.03900191
  0.00221681]",2026-06-03
272,Paige_checkup_department,"[-0.02867503 -0.01001538 -0.01273166 ...  0.05180354  0.03144586
 -0.01804981]",Orthopedics
273,Paige_hospital_location,"[-0.01784062  0.00710762 -0.01152395 ...  0.03735222  0.02945694
 -0.01944571]",Global Care Hospital
274,Paige_contact,"[-0.02435664  0.00846698 -0.01451159 ...  0.02730698  0.04588168
 -0.0112974 ]",514.960.9688
275,Paige_appointment_time,"[-0.05099043 -0.00429344 -0.01071655 ...  0.04176552  0.03351386
 -0.00387689]",14:56
276,Ryan_doctor,"[ 0.01724674  0.01916979 -0.01458554 ... -0.00772345  0.02046349
 -0.01585333]",Dr. Johnson
277,Ryan_appointment_date,"[-0.03834078  0.02974516 -0.00932381 ...  0.02848503  0.02477145
  0.00953079]",2026-02-24
278,Ryan_checkup_department,"[-0.01826321 -0.01229106 -0.01282564 ...  0.02571404  0.01286692
 -0.0160646 ]",Dentist
279,Ryan_hospital_location,"[ 0.01969061  0.02871048 -0.01204914 ...  0.00575479  0.0052688
 -0.03886783]",Global Care Hospital
280,Ryan_contact,"[ 0.01151252  0.00948316 -0.01340105 ...  0.01068422  0.01291613
 -0.01916621]",517-324-1514x729
281,Ryan_appointment_time,"[-0.03870329  0.00827536 -0.01081286 ...  0.02465216  0.02172026
  0.00617164]",19:03
282,Anthony_doctor,"[ 0.04126246 -0.0176772  -0.01371395 ... -0.02351083  0.01231593
 -0.01122449]",Dr. Moore
283,Anthony_appointment_date,"[-0.01077208  0.00845075 -0.00963328 ...  0.02547158  0.03063636
  0.01202053]",2025-12-09
284,Anthony_checkup_department,"[-0.00893058 -0.02162995 -0.01280694 ...  0.01481582  0.01653557
  0.00437222]",Radiology
285,Anthony_hospital_location,"[ 0.0294903   0.02080642 -0.01278296 ...  0.00306718  0.01720368
 -0.00094303]",Global Care Hospital
286,Anthony_contact,"[ 0.03470439 -0.02248487 -0.013375   ... -0.00958553  0.03263756
  0.00688152]",902-377-2130x39538
287,Anthony_appointment_time,"[-0.01319836 -0.00860192 -0.01095114 ...  0.02213166  0.02700651
  0.00981275]",21:11
288,Linda_doctor,"[-0.00154738  0.03860577 -0.01384169 ... -0.01330917  0.01082383
 -0.00260661]",Dr. Anderson
289,Linda_appointment_date,"[-0.04020564  0.0245635  -0.00955077 ...  0.01455319  0.0316233
  0.0151337 ]",2025-08-08
290,Linda_checkup_department,"[-0.02911707 -0.01175959 -0.01241233 ...  0.02059221  0.01978783
  0.00160312]",Dermatology
291,Linda_hospital_location,"[-0.00808022  0.03610056 -0.01233492 ... -0.0140323   0.03020067
  0.01717194]",Patan Hospital
292,Linda_contact,"[-0.01150051  0.01032414 -0.01423898 ... -0.01099891  0.04900658
  0.00822567]",001-723-957-3638x4524
293,Linda_appointment_time,"[-0.04485102  0.00142663 -0.01123844 ...  0.01156404  0.02352614
  0.0136738 ]",15:01
294,Ariana_doctor,"[ 0.0198699   0.05126579 -0.01351599 ...  0.00185028 -0.00528309
 -0.01843027]",Dr. Lee
295,Ariana_appointment_date,"[-0.03292641  0.0327388  -0.0089961  ...  0.02638804  0.02180603
  0.01583056]",2025-09-09
296,Ariana_checkup_department,"[-0.00070568  0.01167286 -0.01297496 ...  0.02811695  0.00032071
 -0.00928628]",Pediatrics
297,Ariana_hospital_location,"[-0.00390038  0.05410938 -0.01137596 ...  0.01901376 -0.00362818
 -0.00575904]",Global Care Hospital
298,Ariana_contact,"[-0.00945608  0.04355311 -0.01480033 ...  0.00652717  0.02655673
 -0.00902206]",+1-204-273-3629x4160
299,Ariana_appointment_time,"[-0.03282779  0.01712518 -0.01044883 ...  0.02817413  0.01176446
  0.01002039]",06:30
300,Jason_doctor,"[ 0.01470199 -0.01246953 -0.01521254 ... -0.02708565  0.02251969
 -0.00550278]",Dr. Thomas
301,Jason_appointment_date,"[-0.02674129  0.01646947 -0.00887712 ...  0.01744622  0.03259982
  0.02115629]",2025-11-29
302,Jason_checkup_department,"[-0.00954602 -0.03147074 -0.01298595 ...  0.00845589  0.02419003
  0.00165438]",Dentist
303,Jason_hospital_location,"[ 0.00202709  0.00982828 -0.01339867 ... -0.00993598  0.01851028
 -0.01581745]",City Hospital
304,Jason_contact,"[ 0.02665194 -0.00874779 -0.01341043 ... -0.02183959  0.02875043
  0.0059618 ]",(445)498-0456
305,Jason_appointment_time,"[-0.02590371 -0.00502267 -0.0107445  ...  0.01307539  0.02526263
  0.01669623]",19:49
306,Scott_doctor,"[ 0.03171254 -0.01113007 -0.01443815 ... -0.01161688  0.00328356
 -0.0059084 ]",Dr. Lee
307,Scott_appointment_date,"[-0.0450457   0.00301697 -0.00883432 ...  0.02978033  0.01985584
  0.019148  ]",2025-12-10
308,Scott_checkup_department,"[-0.0236963  -0.0327054  -0.01300835 ...  0.03079936  0.0080183
  0.00311887]",Pediatrics
309,Scott_hospital_location,"[ 0.0114797  -0.01250683 -0.01216017 ... -0.00837482 -0.00473705
 -0.01032114]",City Hospital
310,Scott_contact,"[ 0.02458285 -0.02441755 -0.01406499 ... -0.00278279  0.01392987
  0.01261416]",560.317.2745
311,Scott_appointment_time,"[-0.04822227 -0.01328797 -0.01021171 ...  0.02260038  0.01269416
  0.01702314]",07:08
312,Blake_doctor,"[ 0.01344859 -0.01161704 -0.01458369 ... -0.02679293  0.01418107
 -0.00831902]",Dr. Brown
313,Blake_appointment_date,"[-0.05047967  0.02793902 -0.00756094 ...  0.01784498  0.02726449
  0.01177304]",2026-01-10
314,Blake_checkup_department,"[-0.01555491 -0.05668858 -0.01343038 ...  0.00745839  0.00944079
 -0.00975786]",Radiology
315,Blake_hospital_location,"[-0.01298613  0.0074134  -0.01206268 ... -0.00968403 -0.00305074
 -0.0238194 ]",Sunshine Medical Center
316,Blake_contact,"[ 0.00663147 -0.01355414 -0.01405889 ... -0.02080229  0.01764159
 -0.01123269]",835.879.4654
317,Blake_appointment_time,"[-0.0486756   0.00665573 -0.00942836 ...  0.01519083  0.02249344
  0.00846007]",12:56
318,Kelly_doctor,"[-0.01135395 -0.01020288 -0.01414795 ... -0.00357071  0.01363801
  0.01003577]",Dr. Smith
319,Kelly_appointment_date,"[-0.05483687  0.01447989 -0.00707006 ...  0.03030638  0.02531154
  0.01628387]",2025-08-21
320,Kelly_checkup_department,"[-0.02200621 -0.02940492 -0.01257313 ...  0.03099035  0.01458074
 -0.00904007]",Pediatrics
321,Kelly_hospital_location,"[-0.00582199  0.01923914 -0.01267822 ...  0.01039522  0.00742442
 -0.00099476]",City Hospital
322,Kelly_contact,"[-0.00305119 -0.03503928 -0.01325705 ...  0.02993079  0.03113018
  0.00984248]",(501)250-7844x47007
323,Kelly_appointment_time,"[-0.05014653 -0.00945301 -0.00875678 ...  0.02452802  0.01353774
  0.01234722]",16:54
324,Stephanie_doctor,"[ 0.02090722  0.01630916 -0.01379394 ... -0.00592178  0.02730245
 -0.0150048 ]",Dr. Thomas
325,Stephanie_appointment_date,"[-0.03820968  0.01498166 -0.00861061 ...  0.02108455  0.03057341
  0.01416106]",2026-03-09
326,Stephanie_checkup_department,"[-0.00030239 -0.01513751 -0.01256569 ...  0.02330276  0.0301675
 -0.00762897]",Cardiology
327,Stephanie_hospital_location,"[ 0.02274822  0.01517792 -0.01203469 ...  0.0011312   0.03183147
 -0.00323418]",City Hospital
328,Stephanie_contact,"[ 0.01649412 -0.00933661 -0.01370815 ... -0.00694942  0.05175127
 -0.01242949]",295-393-2757
329,Stephanie_appointment_time,"[-0.03523454 -0.00570761 -0.01050938 ...  0.02177683  0.01975452
  0.00514326]",16:34
330,Sonia_doctor,"[ 0.03277215  0.01727699 -0.01453004 ... -0.00406086  0.02959502
 -0.01854064]",Dr. Roshan
331,Sonia_appointment_date,"[-0.02383649  0.00732391 -0.00953705 ...  0.02524513  0.04010731
  0.00494282]",2025-08-15
332,Sonia_checkup_department,"[ 0.02734526 -0.03037208 -0.0138502  ...  0.01666851  0.03396659
 -0.00877365]",Pediatrics
333,Sonia_hospital_location,"[ 0.0220401   0.02584187 -0.01261135 ...  0.00511376  0.03458055
 -0.00499544]",Mountain View Hospital
334,Sonia_contact,"[ 0.01813547  0.00118554 -0.01500401 ...  0.00456084  0.05248053
 -0.00727804]",804.721.8175
335,Sonia_appointment_time,"[-2.0556549e-02 -1.0176010e-02 -1.1136935e-02 ...  2.4269298e-02
  3.1404745e-02  1.2884412e-05]",08:35
336,Derek_doctor,"[ 0.00896502  0.00063621 -0.01514751 ... -0.04206653  0.01221203
 -0.01548633]",Dr. Lee
337,Derek_appointment_date,"[-0.0392376   0.00196331 -0.00895883 ...  0.0077713   0.03391937
  0.02079081]",2026-05-28
338,Derek_checkup_department,"[-0.0242856  -0.02972773 -0.01350263 ... -0.00534623  0.01885729
 -0.00581951]",Orthopedics
339,Derek_hospital_location,"[-0.01011077  0.00155495 -0.01306622 ... -0.02643162  0.02295412
  0.00499614]",Patan Hospital
340,Derek_contact,"[-0.02199337 -0.02394966 -0.01584241 ... -0.04251105  0.04940461
  0.0007198 ]",991.615.5142x005
341,Derek_appointment_time,"[-0.04110292 -0.01623198 -0.01105039 ...  0.00210373  0.02798886
  0.01397151]",04:56
342,Debbie_doctor,"[-0.00462262  0.02665576 -0.0142129  ...  0.00098519  0.00799569
 -0.02244699]",Dr. Johnson
343,Debbie_appointment_date,"[-0.03578307  0.02065063 -0.00793091 ...  0.02978068  0.023934
  0.01168744]",2025-09-22
344,Debbie_checkup_department,"[-0.00841095 -0.03080805 -0.01330682 ...  0.0266453   0.01238277
 -0.01556711]",Dentist
345,Debbie_hospital_location,"[-0.00391648  0.01084763 -0.0126761  ...  0.00916559  0.00836744
 -0.00946756]",Mountain View Hospital
346,Debbie_contact,"[-0.01508212 -0.01227895 -0.01461293 ...  0.0031459   0.02829828
 -0.0137945 ]",(948)642-9019x982
347,Debbie_appointment_time,"[-0.04110327 -0.00083699 -0.01032586 ...  0.024139    0.01890536
  0.01056771]",15:22
348,Vanessa_doctor,"[ 0.01793436  0.04269036 -0.01414409 ... -0.02352468 -0.00657148
 -0.04291035]",Dr. Smith
349,Vanessa_appointment_date,"[-0.03761527  0.02986572 -0.00867657 ...  0.01223706  0.02073744
 -0.00487705]",2026-05-27
350,Vanessa_checkup_department,"[-0.01761855  0.00996226 -0.01320047 ...  0.01384957  0.0112706
 -0.03194486]",Psychiatry
351,Vanessa_hospital_location,"[ 0.01050521  0.03398665 -0.01291536 ... -0.01904633  0.00137623
 -0.04471844]",Global Care Hospital
352,Vanessa_contact,"[ 0.00034681  0.02109912 -0.01520683 ... -0.01501659  0.0221087
 -0.04928806]",436-494-7846x012
353,Vanessa_appointment_time,"[-0.03722178  0.01591866 -0.01094294 ...  0.01147105  0.01274701
 -0.01468099]",06:51
354,Diana_doctor,"[ 0.03163192  0.02005715 -0.01304039 ... -0.00646694  0.02766922
 -0.02268168]",Dr. Taylor
355,Diana_appointment_date,"[-0.02610909  0.01801611 -0.00910063 ...  0.02521169  0.03133125
  0.01393788]",2025-12-15
356,Diana_checkup_department,"[ 0.00032947 -0.01126974 -0.01269793 ...  0.02817884  0.03621729
 -0.00841977]",Pediatrics
357,Diana_hospital_location,"[ 0.02988229  0.02810634 -0.0112319  ...  0.00675046  0.02496494
 -0.00627271]",Patan Hospital
358,Diana_contact,"[ 0.02828025  0.00569488 -0.01454582 ... -0.00264242  0.05547782
 -0.01848538]",845.940.3655x694
359,Diana_appointment_time,"[-0.02348227  0.00111597 -0.01116111 ...  0.02282707  0.02233965
  0.0072904 ]",16:09
360,Olivia_doctor,"[-0.00470831  0.02906118 -0.01373178 ... -0.01540702  0.00249822
 -0.03285907]",Dr. Anderson
361,Olivia_appointment_date,"[-0.05336992  0.01202423 -0.00881754 ...  0.01756751  0.01469597
  0.00065709]",2026-01-26
362,Olivia_checkup_department,"[-0.03519583 -0.00488946 -0.01296255 ...  0.00730052  0.01144569
 -0.02380659]",Orthopedics
363,Olivia_hospital_location,"[-0.00697251  0.01660616 -0.01244014 ... -0.0074595   0.01523791
 -0.02307756]",Mountain View Hospital
364,Olivia_contact,"[-0.01587361 -0.00102013 -0.01466184 ... -0.00591671  0.02467828
 -0.02597483]",432.935.7484x77903
365,Olivia_appointment_time,"[-0.057698   -0.00492579 -0.01125164 ...  0.01807963  0.00914583
 -0.00919643]",22:03
366,Sally_doctor,"[ 0.00943039  0.02819746 -0.01345664 ...  0.00563933  0.00197653
 -0.01458303]",Dr. Johnson
367,Sally_appointment_date,"[-0.03334013  0.02189304 -0.00906431 ...  0.03740629  0.0196984
  0.01272016]",2025-09-12
368,Sally_checkup_department,"[-0.02475008 -0.01739547 -0.012344   ...  0.04554925  0.01537478
 -0.01290184]",Cardiology
369,Sally_hospital_location,"[-0.00416527  0.0201249  -0.01179995 ...  0.02613185  0.01694096
 -0.00151796]",Sunshine Medical Center
370,Sally_contact,"[-0.00476637  0.00089582 -0.01371035 ...  0.02162948  0.03757523
 -0.00786334]",666-347-7062
371,Sally_appointment_time,"[-0.03828401 -0.00294182 -0.01023726 ...  0.03481615  0.01189312
  0.00825375]",21:33
372,Crystal_doctor,"[-0.02008541  0.03333476 -0.01390414 ...  0.00132984  0.00591558
 -0.00401653]",Dr. Brown
373,Crystal_appointment_date,"[-0.06026747  0.01974845 -0.00849796 ...  0.01584377  0.01538656
  0.01967391]",2026-07-07
374,Crystal_checkup_department,"[-0.01586648 -0.0708222  -0.01459739 ...  0.02016625  0.00450931
 -0.00274959]",Psychiatry
375,Crystal_hospital_location,"[-0.00444604  0.00784233 -0.01282802 ... -0.00110527  0.00402616
  0.00051064]",Global Care Hospital
376,Crystal_contact,"[-3.8905844e-02 -1.3859338e-02 -1.5013458e-02 ... -7.3298732e-05
  2.3092005e-02 -1.9624403e-03]",(761)675-6006x674
377,Crystal_appointment_time,"[-0.06679381  0.00280456 -0.01026836 ...  0.01340008  0.01710044
  0.01710262]",16:43
378,Connie_doctor,"[ 0.00475181  0.03746119 -0.01262685 ... -0.01779529  0.01868729
 -0.01407569]",Dr. Roshan
379,Connie_appointment_date,"[-0.03459735  0.0075867  -0.00754519 ...  0.01288664  0.0346737
  0.01502811]",2026-01-23
380,Connie_checkup_department,"[-0.00113139 -0.03687636 -0.01175787 ...  0.00400147  0.0261597
 -0.00180542]",Pediatrics
381,Connie_hospital_location,"[ 0.0017678   0.02232333 -0.01058357 ... -0.0167419   0.03073193
  0.00314095]",Sunshine Medical Center
382,Connie_contact,"[-0.01424006 -0.01100221 -0.01303813 ... -0.02388662  0.05082129
 -0.00013076]",900.819.0526x998
383,Connie_appointment_time,"[-0.03769832 -0.01373139 -0.00973373 ...  0.00866037  0.02971556
  0.01053992]",05:13
384,Anna_doctor,"[ 0.01461128  0.02249336 -0.01313384 ... -0.00923521  0.01027972
 -0.00828204]",Dr. Johnson
385,Anna_appointment_date,"[-0.05250548  0.01076826 -0.00834105 ...  0.027865    0.02302392
  0.01842943]",2025-10-25
386,Anna_checkup_department,"[-0.01552267 -0.01471948 -0.01237538 ...  0.00814931  0.01505504
  0.00299281]",Orthopedics
387,Anna_hospital_location,"[ 0.01288914  0.02884129 -0.01260288 ...  0.00786123  0.01533204
 -0.00549895]",Patan Hospital
388,Anna_contact,"[ 0.00618361 -0.0175948  -0.01348302 ... -0.00645851  0.01592201
 -0.0095566 ]",852.337.7783x210
389,Anna_appointment_time,"[-0.0487448  -0.00901831 -0.01030116 ...  0.02261968  0.01633896
  0.01603681]",13:02
390,Jennifer_doctor,"[ 0.01658676  0.02121158 -0.01294433 ... -0.02355228  0.02691497
 -0.01058124]",Dr. Moore
391,Jennifer_appointment_date,"[-0.01573372  0.01413466 -0.00842459 ...  0.01414465  0.02831549
  0.01582046]",2025-08-16
392,Jennifer_checkup_department,"[-0.01623543 -0.01424165 -0.01140344 ...  0.02562072  0.02100777
 -0.00664342]",Radiology
393,Jennifer_hospital_location,"[ 0.00816488  0.03563566 -0.01220165 ... -0.0135474   0.00896441
 -0.00926682]",City Hospital
394,Jennifer_contact,"[ 0.03276462  0.00047976 -0.01230563 ...  0.00061982  0.0162105
 -0.01888534]",938-415-3997x676
395,Jennifer_appointment_time,"[-0.01644303 -0.00715751 -0.01008947 ...  0.01273207  0.01767198
  0.00747514]",09:53
396,Cesar_doctor,"[ 0.06387059  0.00148489 -0.01432432 ... -0.01785339  0.01407438
 -0.03055119]",Dr. Wilson
397,Cesar_appointment_date,"[ 0.01812483 -0.03281447 -0.01004819 ...  0.01266235  0.01594625
 -0.01449241]",2026-06-12
398,Cesar_checkup_department,"[ 0.02362618 -0.03722918 -0.01349464 ...  0.01432595  0.0166781
 -0.02767158]",Orthopedics
399,Cesar_hospital_location,"[ 0.03415763  0.02976661 -0.01167438 ... -0.00058056  0.01560965
 -0.03232362]",Mountain View Hospital
400,Cesar_contact,"[ 0.02714505 -0.00390897 -0.01471068 ... -0.00910426  0.04111875
 -0.02682912]",+1-517-640-7342x65616
401,Cesar_appointment_time,"[ 0.00651565 -0.0427296  -0.01164706 ...  0.01188183  0.01767676
 -0.01789313]",08:34
402,Eugene_doctor,"[ 0.03196674  0.00780434 -0.01453756 ... -0.03419924  0.01967542
 -0.00898717]",Dr. Smith
403,Eugene_appointment_date,"[-0.01790873 -0.00261364 -0.01011008 ...  0.00315101  0.04154093
  0.01387757]",2025-11-14
404,Eugene_checkup_department,"[ 0.00433511 -0.0234063  -0.01279201 ... -0.00199346  0.03203253
  0.00050258]",Pediatrics
405,Eugene_hospital_location,"[ 0.01998354  0.01902983 -0.01208918 ... -0.02779875  0.03273237
  0.00048701]",Patan Hospital
406,Eugene_contact,"[ 0.01108858 -0.00663322 -0.01434808 ... -0.02974157  0.05492941
  0.00041701]",001-302-301-1694x413
407,Eugene_appointment_time,"[-0.02273364 -0.00918796 -0.01111855 ...  0.00204815  0.03402331
  0.01274296]",01:11
408,Michael_doctor,"[-0.00051953 -0.01096371 -0.01439092 ... -0.02168485  0.02417923
 -0.0119873 ]",Dr. Anderson
409,Michael_appointment_date,"[-0.04573901 -0.00046969 -0.01056405 ...  0.01690663  0.0281891
  0.00721134]",2025-10-29
410,Michael_checkup_department,"[-0.01965835 -0.04850233 -0.01208949 ...  0.02414129  0.01651757
  0.00128238]",Radiology
411,Michael_hospital_location,"[-0.00646048  0.00945221 -0.01251372 ... -0.00907535  0.01383756
 -0.00658931]",Sunshine Medical Center
412,Michael_contact,"[-0.01031433 -0.03549168 -0.01285003 ...  0.00226917  0.03311045
 -0.00689815]",403-575-0822
413,Michael_appointment_time,"[-0.04990615 -0.0230765  -0.01166809 ...  0.01295141  0.02298958
  0.00438718]",09:20
414,Monica_doctor,"[ 0.00669769  0.01885208 -0.01448615 ... -0.0071812   0.00897702
 -0.01502982]",Dr. Thomas
415,Monica_appointment_date,"[-0.0520057   0.02586001 -0.00842461 ...  0.02367341  0.02664277
  0.01425691]",2025-09-12
416,Monica_checkup_department,"[-0.01453349 -0.02910261 -0.01372564 ...  0.01533568  0.01144273
 -0.00590683]",Dentist
417,Monica_hospital_location,"[-0.00392427  0.01035868 -0.0127491  ...  0.0005698   0.00715242
 -0.00091681]",City Hospital
418,Monica_contact,"[-0.0147947   0.00081987 -0.01505239 ...  0.00227889  0.03410501
 -0.01026694]",954-207-1578x232
419,Monica_appointment_time,"[-0.05368299  0.00428533 -0.01030154 ...  0.02225645  0.02425198
  0.00797741]",15:48
420,Christine_doctor,"[ 0.01874867  0.05314165 -0.01401443 ... -0.01266219  0.00832391
 -0.01044494]",Dr. Taylor
421,Christine_appointment_date,"[-0.03280181  0.03352315 -0.0095996  ...  0.02290554  0.02784541
  0.01437248]",2026-01-29
422,Christine_checkup_department,"[ 0.00420727  0.00681067 -0.01384403 ...  0.01623276  0.02111915
 -0.00431944]",Neurology
423,Christine_hospital_location,"[ 0.00410992  0.06408383 -0.01245021 ...  0.00772418  0.01186545
 -0.00177608]",City Hospital
424,Christine_contact,"[-0.00152471  0.04526785 -0.01462359 ... -0.00328432  0.03534876
 -0.00016666]",(574)269-1486x3628
425,Christine_appointment_time,"[-0.04088166  0.01967118 -0.01168025 ...  0.01841571  0.02357672
  0.00878912]",18:37
426,Megan_doctor,"[-0.03866516  0.01376899 -0.0124904  ... -0.01705915  0.0139442
 -0.01048116]",Dr. Moore
427,Megan_appointment_date,"[-0.07208969  0.00937401 -0.0074654  ...  0.01406223  0.02616682
  0.01392567]",2026-04-23
428,Megan_checkup_department,"[-0.06298279 -0.04188427 -0.01205927 ...  0.0109645   0.01916808
  0.00212772]",Pediatrics
429,Megan_hospital_location,"[-0.05542831 -0.00198482 -0.0105234  ... -0.01326553  0.02004988
  0.00496933]",City Hospital
430,Megan_contact,"[-0.06068744 -0.00909007 -0.01271493 ... -0.01624345  0.03902109
  0.00335652]",+1-740-299-3779x064
431,Megan_appointment_time,"[-0.07508302 -0.01287854 -0.00934748 ...  0.01111966  0.02190428
  0.01141695]",05:24
432,Jared_doctor,"[ 0.03187926 -0.00500961 -0.01413532 ... -0.04474124 -0.00334224
  0.00785088]",Dr. Thomas
433,Jared_appointment_date,"[-0.01466588  0.0040807  -0.00951461 ... -0.00056061  0.01008721
  0.02873319]",2026-03-26
434,Jared_checkup_department,"[ 0.02681085 -0.05746883 -0.01343349 ... -0.00742306 -0.01388454
  0.01651089]",Radiology
435,Jared_hospital_location,"[ 0.02307282  0.004232   -0.01170707 ... -0.03254611 -0.00771586
  0.02461024]",Patan Hospital
436,Jared_contact,"[ 0.02194182 -0.02758338 -0.01359881 ... -0.04169613  0.01015804
  0.02450807]",(813)351-3378x90757
437,Jared_appointment_time,"[-0.02022207 -0.01589427 -0.01116051 ... -0.00645759  0.00574077
  0.02586678]",17:21
438,Ricky_doctor,"[-0.0022875   0.02378307 -0.0148462  ... -0.01532385  0.02048978
 -0.03145544]",Dr. Moore
439,Ricky_appointment_date,"[-0.03915111  0.02482316 -0.01024189 ...  0.02110775  0.04598369
 -0.01028749]",2026-04-20
440,Ricky_checkup_department,"[-0.02161956 -0.01093106 -0.01383143 ...  0.02189813  0.04142885
 -0.02780047]",Pediatrics
441,Ricky_hospital_location,"[-0.00753828  0.03938477 -0.01256149 ...  0.01047956  0.04085042
 -0.02306405]",City Hospital
442,Ricky_contact,"[-0.02242939  0.00235164 -0.01500607 ...  0.00034028  0.06715631
 -0.02920481]",(959)284-1099
443,Ricky_appointment_time,"[-0.04429816  0.00448785 -0.01167453 ...  0.019984    0.04120637
 -0.01263671]",21:26
444,Tyler_doctor,"[ 0.01475535  0.00422008 -0.01492237 ... -0.01385616  0.02637571
 -0.003795  ]",Dr. Brown
445,Tyler_appointment_date,"[-0.03014829  0.0207936  -0.00915627 ...  0.02522754  0.02957565
  0.01370765]",2026-03-26
446,Tyler_checkup_department,"[-0.01453221 -0.03136192 -0.01140896 ...  0.02277944  0.01632088
 -0.0072422 ]",Neurology
447,Tyler_hospital_location,"[ 0.02224867  0.02704052 -0.01311681 ... -0.00235602  0.01038277
 -0.00798154]",Mountain View Hospital
448,Tyler_contact,"[ 0.01063166 -0.02527256 -0.01389388 ...  0.00732938  0.02271166
 -0.01313032]",938-908-4238
449,Tyler_appointment_time,"[-0.02962811  0.00215831 -0.01009056 ...  0.02084644  0.02061814
  0.01177008]",21:14
450,Tiffany_doctor,"[ 0.01899423  0.03409065 -0.01313768 ... -0.0059147   0.00980066
 -0.01275678]",Dr. Roshan
451,Tiffany_appointment_date,"[-0.03788229  0.02680842 -0.00768785 ...  0.03001049  0.03007171
  0.01841877]",2025-10-04
452,Tiffany_checkup_department,"[-0.0054698  -0.00498651 -0.01170382 ...  0.0284708   0.01584089
 -0.00332621]",Cardiology
453,Tiffany_hospital_location,"[ 0.01156022  0.02321611 -0.01068353 ...  0.0122486   0.00396324
  0.00209127]",Sunshine Medical Center
454,Tiffany_contact,"[ 0.00144566  0.0102262  -0.01350023 ...  0.00347216  0.03070477
  0.0078466 ]",(662)252-1350x2005
455,Tiffany_appointment_time,"[-0.0383246   0.00917972 -0.0095972  ...  0.02415575  0.01769028
  0.00896563]",07:28
456,Robert_doctor,"[ 0.01369152 -0.01780924 -0.01372673 ... -0.02350437  0.01327387
 -0.01611537]",Dr. Johnson
457,Robert_appointment_date,"[-0.02798104 -0.01344431 -0.0106937  ...  0.00661627  0.01679278
 -0.00725886]",2026-01-06
458,Robert_checkup_department,"[-0.02609695 -0.03975031 -0.01365109 ...  0.01767238  0.02307327
 -0.01582693]",Dermatology
459,Robert_hospital_location,"[-0.00232514  0.00536963 -0.01212492 ... -0.00091631  0.01555903
 -0.02506782]",Patan Hospital
460,Robert_contact,"[-0.00835197 -0.01329952 -0.0139021  ... -0.0088655   0.02776759
 -0.00954654]",+1-887-815-3556
461,Robert_appointment_time,"[-0.03429653 -0.02988921 -0.01135437 ...  0.00824297  0.01584083
 -0.01022117]",15:21
462,Melissa_doctor,"[-0.00010874  0.03222295 -0.01279583 ... -0.00671596  0.00911872
 -0.01784659]",Dr. Brown
463,Melissa_appointment_date,"[-0.05951003  0.01956565 -0.0078865  ...  0.02379334  0.02168128
  0.00992597]",2025-12-18
464,Melissa_checkup_department,"[-3.5417013e-02 -2.1191193e-03 -1.2059437e-02 ...  2.7439732e-02
  6.3147508e-03 -1.1979150e-05]",Orthopedics
465,Melissa_hospital_location,"[-0.01884273  0.02563056 -0.01079815 ... -0.00311227  0.01499273
 -0.00558437]",City Hospital
466,Melissa_contact,"[-0.02200939  0.00989949 -0.01301189 ...  0.00567189  0.03043646
 -0.00844031]",7195483161
467,Melissa_appointment_time,"[-0.06094654  0.00247197 -0.00975771 ...  0.02111805  0.01649719
  0.00902249]",22:53
468,Yvette_doctor,"[ 0.0332538   0.04380508 -0.01409663 ... -0.01257093  0.00553708
  0.0007959 ]",Dr. Moore
469,Yvette_appointment_date,"[-0.02632734  0.02832568 -0.00960721 ...  0.01702446  0.02124743
  0.02100016]",2026-02-06
470,Yvette_checkup_department,"[ 0.00332377 -0.00381438 -0.01334039 ...  0.02132422  0.00318992
  0.00918097]",Cardiology
471,Yvette_hospital_location,"[ 0.02043162  0.04609463 -0.01265985 ... -0.00086371  0.00610691
  0.01368335]",Patan Hospital
472,Yvette_contact,"[ 0.01685668  0.03271315 -0.01443719 ... -0.00166157  0.02452623
  0.01762599]",001-250-268-7144x3131
473,Yvette_appointment_time,"[-0.02851545  0.01546634 -0.01124592 ...  0.01677624  0.01221564
  0.01345983]",03:24
474,Ashley_doctor,"[ 0.00464408  0.02145088 -0.01412424 ... -0.00431448  0.01145871
 -0.00626525]",Dr. Johnson
475,Ashley_appointment_date,"[-0.03069819  0.01925882 -0.00849858 ...  0.03103222  0.03659927
  0.01665699]",2025-11-05
476,Ashley_checkup_department,"[-0.0210533  -0.00544898 -0.01361803 ...  0.02879158  0.02246202
  0.00597427]",Dermatology
477,Ashley_hospital_location,"[ 0.00060829  0.02768833 -0.0129136  ...  0.01136465  0.02620141
  0.00465478]",Sunshine Medical Center
478,Ashley_contact,"[-0.00392471  0.01650652 -0.0152532  ...  0.00472807  0.04912288
  0.0031074 ]",333-711-7871x2160
479,Ashley_appointment_time,"[-0.03555356  0.00042736 -0.01018002 ...  0.02787172  0.02901057
  0.01188517]",07:37
480,Adam_doctor,"[ 0.00745561 -0.00746035 -0.01414231 ... -0.00653698 -0.00368369
  0.0155928 ]",Dr. Thomas
481,Adam_appointment_date,"[-0.04435904  0.00775101 -0.00863115 ...  0.01807623  0.02099626
  0.02893918]",2026-04-06
482,Adam_checkup_department,"[-0.01922913 -0.0354968  -0.01269098 ...  0.01418664  0.00719649
  0.00870266]",Pediatrics
483,Adam_hospital_location,"[ 0.00191251  0.00690455 -0.01281185 ...  0.01311547 -0.00178634
  0.02703938]",Sunshine Medical Center
484,Adam_contact,"[ 0.01321346 -0.00561537 -0.01459116 ... -0.01178996 -0.01379503
  0.02788549]",(207)282-7152x7818
485,Adam_appointment_time,"[-0.04499257 -0.00975083 -0.01050164 ...  0.01218721  0.01520846
  0.02800906]",11:58
486,Gail_doctor,"[-0.01456344  0.01380338 -0.01363603 ...  0.01116435  0.00039287
 -0.00264355]",Dr. Wilson
487,Gail_appointment_date,"[-0.05463897  0.01538247 -0.00891505 ...  0.03338566  0.02138644
  0.01518589]",2025-12-08
488,Gail_checkup_department,"[-0.02775662 -0.03579365 -0.0130474  ...  0.039512   -0.00275358
 -0.0014963 ]",Radiology
489,Gail_hospital_location,"[-0.02642995  0.01998669 -0.01196705 ...  0.02504906  0.01191487
  0.00620953]",Mountain View Hospital
490,Gail_contact,"[-0.03208048  0.00833098 -0.01358064 ...  0.02445286  0.02372951
  0.00568117]",+1-879-447-7114x0230
491,Gail_appointment_time,"[-0.05974367 -0.00564713 -0.01037159 ...  0.02559246  0.01626215
  0.01088527]",11:18
